Title,Type & Location,Price,Seller
4 BHK Villa in Palavakkam,4 BHK Villa,₹5.28 Cr - 7.39 Cr,Chennai Prop Experts
"2, 3 BHK Flats in ECR",2 BHK Flat,₹1.23 Cr - 1.23 Cr,PROPLEAF
Residential Plots in Panaiyur,N/A,₹1.9 Cr,Senthil Kumar S
"3, 4 BHK Villas in Neelankarai",3 BHK Villa,₹3.69 Cr - 4.7 Cr,N/A
4 BHK Villa in Panaiyur,4 BHK Villa,₹5.76 Cr - 8.63 Cr,Senthil Kumar S
2 BHK Flat in Muttukadu,2 BHK Flat,₹77 L - 84 L,N/A
4 BHK Villa in Injambakkam,4 BHK Villa,₹5.1 Cr - 5.63 Cr,N/A
"2, 3, 4 BHK Flats in Muttukadu",2 BHK Flat,₹1.5 Cr - 1.52 Cr,Propfix Realty
"Studio, 1, 2 BHK Flat,Studio Flats in Muttukadu",1 BHK Flat,₹46.28 L,PROPLEAF
"3, 4 BHK Villas in Akkarai",3 BHK Villa,₹4.7 Cr - 4.7 Cr,Home Konnect
4 BHK Villa in Neelankarai,4 BHK Villa,₹3.5 Cr,Senthil Kumar S
"3, 4 BHK Flats in Kottivakkam",3 BHK Flat,₹1.55 Cr - 2.2 Cr,Home Konnect
4 BHK Villa in Akkarai,4 BHK Villa,₹2.98 Cr - 6.27 Cr,Propinfo
"2, 3 BHK Flats in Kanathur Reddikuppam",2 BHK Flat,₹1.11 Cr,Senthil Kumar S
"3, 4 BHK Flats in Perungudi",3 BHK Flat,₹2.56 Cr - 2.8 Cr,Senthil Kumar S
Residential Plots in J Nagar,N/A,₹1.84 Cr,Senthil Kumar S
Residential Plots in Thiruporur,N/A,₹60 L,Property Play Book
"4, 5 BHK Villas in Injambakkam",4 BHK Villa,₹4.04 Cr,Propvista
"2, 3, 4, 5 BHK Flats in Egattur",2 BHK Flat,₹92.57 L - 1.23 Cr,PROPLEAF
"2, 3, 4 BHK Flats in ECR",2 BHK Flat,₹47 L - 1.3 Cr,Casagrand Sellassure
"2, 3 BHK Flats in Egattur",2 BHK Flat,₹96.96 L,Senthil Kumar S
4 BHK Villa in Neelankarai,4 BHK Villa,₹3.21 Cr - 3.61 Cr,Senthil Kumar S
3 BHK Flat in Kanathur Reddikuppam,N/A,₹1.39 Cr,N/A
Residential Plot in Kovalam,N/A,₹40.41 L,N/A
Residential Plot in Panaiyur,N/A,₹4.0 Cr,N/A
5 BHK Villa in Muttukadu,N/A,₹3.02 Cr,N/A
1 BHK Flat in Muttukadu,N/A,₹78.2 L,N/A
Residential Plot in Kovalam,N/A,₹57.75 L,N/A
4 BHK Villa in Panaiyur,N/A,₹4.4 Cr,N/A
3 BHK Villa in Kanathur Reddikuppam,N/A,₹3.25 Cr,N/A
2 BHK Flat in Kanathur Reddikuppam,N/A,₹1.05 Cr,N/A
3 BHK Flat in Kanathur Reddikuppam,N/A,₹1.5 Cr,N/A
4 BHK Villa in Injambakkam,N/A,₹2.45 Cr,N/A
4 BHK Villa in Vettuvankani,N/A,₹2.99 Cr,N/A
4 BHK Villa in Vettuvankani,N/A,₹3.2 Cr,N/A
Residential Plot in Kovalam,N/A,₹38.17 L,N/A
Residential Plot in Kovalam,N/A,₹40.41 L,N/A
Residential Plot in Panaiyur,N/A,₹2.0 Cr,N/A
Residential Plot in Panaiyur,N/A,₹2.0 Cr,N/A
Residential Plot in J Nagar,N/A,₹1.8 Cr,N/A
4 BHK Independent House in Neelankarai,N/A,₹3.15 Cr,N/A
Residential Plot in Panaiyur,N/A,₹57.6 Cr,N/A
5 BHK Independent House in Muttukadu,N/A,₹4.4 Cr,N/A
4 BHK Independent House in Injambakkam,N/A,₹7.0 Cr,N/A
5 BHK Independent House in Thiruvidandhai,N/A,₹10.0 Cr,N/A
Residential Plot in Vettuvankani,N/A,₹1.3 Cr,N/A
5 BHK Independent House in Palavakkam,N/A,₹8.0 Cr,N/A
5 BHK Independent House in Injambakkam,N/A,₹40.0 Cr,N/A
Residential Plot in Injambakkam,N/A,₹3.75 Cr,N/A
Residential Plot in Injambakkam,N/A,₹3.0 Cr,N/A
5 BHK Independent House in Kottivakkam,N/A,₹23.0 Cr,N/A
6 BHK Independent House in Kovalam,N/A,₹6.5 Cr,N/A
Residential Plot in Uthandi,N/A,₹6.5 Cr,N/A
4 BHK Independent House in Kottivakkam,N/A,₹12.5 Cr,N/A
Residential Plot in Uthandi,N/A,₹17.1 Cr,N/A
6 BHK Independent House in Injambakkam,N/A,₹10.0 Cr,N/A
4 BHK Independent House in Neelankarai,N/A,₹17.0 Cr,N/A
5 BHK Independent House in Uthandi,N/A,₹5.25 Cr,N/A
3 BHK Independent House in Kanathur Reddikuppam,N/A,₹2.85 Cr,N/A
4 BHK Independent House in J Nagar,N/A,₹3.75 Cr,N/A
Residential Plot in Injambakkam,N/A,₹3.0 Cr,N/A
5 BHK Independent House in Injambakkam,N/A,₹40.0 Cr,N/A
5 BHK Independent House in Kottivakkam,N/A,₹23.0 Cr,N/A
6 BHK Independent House in Kovalam,N/A,₹6.5 Cr,N/A
4 BHK Independent House in Kottivakkam,N/A,₹12.5 Cr,N/A
Residential Plot in Neelankarai,N/A,₹5.0 Cr,N/A
Residential Plot in Kanathur Reddikuppam,N/A,₹72.0 L,N/A
Residential Plot in Neelankarai,N/A,₹3.6 Cr,N/A
3 BHK Independent House in Vettuvankani,N/A,₹4.1 Cr,N/A
Residential Plot in Kovalam,N/A,₹1.62 Cr,N/A
10 BHK Independent House in Kovalam,N/A,₹2.5 Cr,N/A
Residential Plot in Injambakkam,N/A,₹6.75 Cr,N/A
Residential Plot in Panaiyur,N/A,₹2.9 Cr,N/A
Residential Plot in Muttukadu,N/A,₹3.9 Cr,N/A
4 BHK Villa in Neelankarai,N/A,₹3.5 Cr,N/A
Residential Plot in Panaiyur,N/A,₹4.0 Cr,N/A
5 BHK Villa in Muttukadu,N/A,₹3.02 Cr,N/A
3 BHK Flat in Thiruvidandhai,N/A,₹2.7 Cr,N/A
5 BHK Villa in J Nagar,N/A,₹3.0 Cr,N/A
Residential Plot in Uthandi,N/A,₹2.4 Cr,N/A
4 BHK Villa in Palavakkam,N/A,₹2.55 Cr,N/A
4 BHK Villa in Kanathur Reddikuppam,N/A,₹7.0 Cr,N/A
3 BHK Villa in Kanathur Reddikuppam,N/A,₹3.25 Cr,N/A
1 BHK Flat in Muttukadu,N/A,₹78.2 L,N/A
Vintage Perungudi, 2 BHK Flat in Perungudi, ₹ 60.47L, Vintage Builders And Developers
7 BHK Farm House in J Nagar,N/A,₹30.0 Cr,N/A
2 BHK Flat in Kottivakkam,N/A,₹1.45 Cr,N/A
3 BHK Villa in J Nagar,N/A,₹3.1 Cr,N/A
3 BHK Flat in Kottivakkam,N/A,₹2.5 Cr,N/A
3 BHK Villa in Injambakkam,N/A,₹3.65 Cr,N/A
5 BHK Independent House in Neelankarai,N/A,₹7.5 Cr,N/A
